No.,Name,Defect item no.,Side plate QR code,Shift,Scan date,Scan time
1,Robert Hughes,62,TG000000-00130203003261623480860,B/Night,2026-03-31,20:14:17
2,Samuel Ross,62,TG000000-00410332002260314000726,B/Night,2026-02-22,19:54:40
3,Daniel Foster,37,TG000000-00470402903260940350088,B/Night,2026-03-30,23:11:26
4,Anthony Powell,69,TG000000-00200201503260702510208,B/Night,2026-03-17,03:51:12
5,Megan Kelly,67,TG000000-00580202302261922200378,B/Night,2026-02-24,22:08:20
6,Zoe Howard,11,TG000000-00280201904260053110003,B/Night,2026-04-20,20:14:17
7,Laura Bennett,10,TG000000-00520201104260615220020,A/Night,2026-04-13,19:54:40
8,Joshua Barnes,6,TG000000-00140341702262246280962,A/Night,2026-02-19,23:11:26
9,Sarah Collins,49,TG000000-00470201303260709090090,A/Night,2026-03-14,3:51:12
10,Christopher Evans,67,TG000000-00010320703260315360490,A/Night,2026-03-08,22:08:20
11,Rachel Simmons,46,TG000000-00280330903260723060020,A/Night,2026-03-10,02:29:35
12,Sarah Collins,18,TG000000-00590332703260914540297,A/Night,2026-03-29,01:36:49
13,Anthony Powell,1,TG000000-00310321402262008130897,A/Night,2026-02-15,20:40:58
14,Ella Roberts,3,TG000000-00250300604260114280174,A/Night,2026-04-08,20:17:09
15,Grace Morgan,57,TG000000-00190342003260022430675,A/Night,2026-03-21,07:24:05
16,Andrew Brooks,55,TG000000-00500401203260014520011,A/Night,2026-03-13,23:35:39
17,Thomas Allen,49,TG000000-00430402103260354570622,A/Night,2026-03-23,00:24:18
18,Victoria Hayes,4,TG000000-00550402702261649390410,A/Night,2026-02-28,22:03:21
19,Jacob Stewart,47,TG000000-00070312803261520220020,A/Night,2026-03-30,04:30:34
20,John Carter,71,TG000000-00450310403262012010458,A/Night,2026-03-06,21:25:19
21,Wendy Timer,63,TG000000-00440202402260129520236,A/Night,2026-02-25,21:18:55
22,Chloe Adams,57,TG000000-00070200302260325560701,A/Night,2026-02-05,01:40:11
23,Lucas Mitchell,32,TG000000-00410332204261013310540,A/Night,2026-04-23,06:37:41
24,Robert Hughes,53,TG000000-00180202903261950390006,A/Night,2026-03-31,07:00:55
25,Daniel Foster,12,TG000000-00420311402262019160442,A/Night,2026-02-16,22:51:34
26,Ava Johnson,24,TG000000-00230301102261313550019,A/Night,2026-02-12,22:29:03
27,Samuel Ross,35,TG000000-00440340704261849010931,A/Night,2026-04-08,21:12:40
28,Rachel Simmons,16,TG000000-00430313101261934580259,A/Night,2026-02-02,04:33:29
29,William Murphy,11,TG000000-00450341903261647110732,A/Night,2026-03-21,00:28:53
30,Anthony Powell,58,TG000000-00070332204260640480605,A/Night,2026-04-23,06:25:22
31,Noah Lewis,17,TG000000-00250343101260842360143,A/Night,2026-02-01,22:30:44
32,Mia Thompson,46,TG000000-00450301602260415590776,A/Night,2026-02-18,21:16:44
33,Emma Richardson,45,TG000000-00490312303261656120231,A/Night,2026-03-25,02:56:54
34,Sarah Collins,5,TG000000-00250300902260249230779,A/Night,2026-02-10,22:05:03
35,Amelia Clark,48,TG000000-00310340902261140360427,A/Night,2026-02-11,20:34:39
36,Emma Richardson,43,TG000000-00380312204260033530984,A/Night,2026-04-23,00:27:29
37,Laura Bennett,40,TG000000-00260330802260234230916,A/Night,2026-02-09,23:05:51
38,Matthew Scott,61,TG000000-00190401002261955550889,A/Night,2026-02-12,03:30:16
39,Joshua Barnes,66,TG000000-00290311502260821320520,A/Night,2026-02-17,22:45:18
40,Emma Richardson,52,TG000000-00490200804261836410198,A/Night,2026-04-09,20:09:39
41,Sarah Collins,8,TG000000-00430342702261846370593,A/Night,2026-02-28,20:09:21
42,Anthony Powell,39,TG000000-00430332204261120320763,A/Night,2026-04-23,06:57:02
43,William Murphy,2,TG000000-00270201202260012310239,A/Night,2026-02-13,20:12:03
44,Lily Phillips,34,TG000000-00360333101261759110220,A/Night,2026-02-02,22:37:48
45,Thomas Allen,71,TG000000-00310312202261726020719,A/Night,2026-02-23,22:42:43
46,Jacob Stewart,69,TG000000-00430302802261110080751,A/Night,2026-03-01,02:32:15
47,Lucas Mitchell,50,TG000000-00160312503261818150198,A/Night,2026-03-26,04:29:37
48,Jacob Stewart,54,TG000000-00220201802261042230345,A/Night,2026-02-19,06:55:33
49,Hannah Cooper,3,TG000000-00190312103260251140675,A/Night,2026-03-22,21:34:14
50,Grace Morgan,31,TG000000-00050200803262337320921,A/Night,2026-03-10,20:04:07
51,Laura Bennett,48,TG000000-00280321003260842010452,A/Night,2026-03-12,20:03:12
52,Robert Hughes,35,TG000000-00040340202261503050270,A/Night,2026-02-04,20:00:20
53,Wendy Timer,68,TG000000-00190201503260749240677,A/Night,2026-03-17,06:30:02
54,Sarah Collins,10,TG000000-00080312202262235370024,A/Night,2026-02-24,00:39:10
55,Ava Johnson,62,TG000000-00430402702261807340010,A/Night,2026-02-28,00:51:32
56,Chloe Adams,42,TG000000-00590340104260924350292,A/Night,2026-04-02,21:57:06
57,Samuel Ross,59,TG000000-00540300504262303430709,A/Night,2026-04-07,23:24:29
58,Joshua Barnes,65,TG000000-00360402203261620390711,A/Night,2026-03-23,23:29:59
59,Anthony Powell,21,TG000000-00310330703261908220845,A/Night,2026-03-08,21:39:41
60,Chloe Adams,4,TG000000-00220332303261019400099,A/Night,2026-03-24,23:18:20
61,Ava Johnson,16,TG000000-00120312103260638060286,A/Night,2026-03-22,22:01:20
62,Charlotte Green,62,TG000000-00450400302260644080074,A/Night,2026-02-04,07:08:01
63,Zoe Howard,9,TG000000-00270201402260928420043,A/Night,2026-02-15,01:29:44
64,Laura Bennett,10,TG000000-00110311803260026580180,A/Night,2026-03-20,06:49:33
65,Alexander King,25,TG000000-00420401302262157410962,A/Night,2026-02-14,23:06:35
66,Wendy Zaawds,59,TG000000-00020321303261653460503,A/Night,2026-03-14,06:08:14
67,Natalie Ward,26,TG000000-00490340803261849120658,A/Night,2026-03-10,20:27:27
68,Natalie Ward,40,TG000000-00080201603261507430859,A/Night,2026-03-18,23:01:57
69,Samuel Ross,71,TG000000-00530402503261326240705,A/Night,2026-03-27,19:34:04
70,Joshua Barnes,35,TG000000-00260342003260024040654,A/Night,2026-03-22,22:32:28
71,Jacob Stewart,16,TG000000-00500321902262146290350,A/Night,2026-02-21,21:52:24
72,Noah Lewis,20,TG000000-00580301904261216240115,A/Night,2026-04-21,05:11:23
73,Andrew Brooks,52,TG000000-00580311703260108250376,A/Night,2026-03-18,04:34:12
74,Matthew Scott,17,TG000000-00270201204260646330043,A/Night,2026-04-13,05:47:33
75,James Walker,52,TG000000-00380343001260311240618,A/Night,2026-02-01,06:24:03
76,Lily Phillips,32,TG000000-00570311102260357470878,A/Night,2026-02-12,21:28:34
77,Jessica Long,5,TG000000-00270303103260802560252,A/Night,2026-04-02,01:22:22
78,Emily Dawson,42,TG000000-00260400604261215560610,A/Night,2026-04-08,06:42:26
79,Daniel Foster,34,TG000000-00430200202262113020783,A/Night,2026-02-04,23:44:11
80,Michael Turner,65,TG000000-00260342202260048190022,A/Night,2026-02-24,02:59:27
81,Jacob Stewart,15,TG000000-00540311502260725390360,A/Night,2026-02-17,02:54:55
82,Wendy Zaawds,1,TG000000-00330342503262131090919,A/Night,2026-03-26,05:07:27
83,Madison Hughes,16,TG000000-00330311104261841300657,A/Night,2026-04-13,19:59:32
84,Hannah Cooper,58,TG000000-00190303101262217560594,A/Night,2026-02-01,20:01:58
85,Victoria Hayes,57,TG000000-00260201002261902240678,A/Night,2026-02-12,19:32:00
86,Ella Roberts,61,TG000000-00230402202261912190575,A/Night,2026-02-23,20:03:45
87,Matthew Scott,70,TG000000-00340202802260436330746,A/Night,2026-03-01,20:23:56
88,Lucas Mitchell,6,TG000000-00350402002262224490063,A/Night,2026-02-21,23:28:05
89,William Murphy,51,TG000000-00190201502260820260659,A/Night,2026-02-16,23:18:26
90,Samuel Ross,19,TG000000-00550400403262105530978,A/Night,2026-03-05,04:31:07
91,Grace Morgan,70,TG000000-00470301803261921180586,A/Night,2026-03-19,04:39:11
92,Wendy Timer,65,TG000000-00330330903260959230066,A/Night,2026-03-11,22:21:21
93,Emily Dawson,68,TG000000-00390301004260549050303,A/Night,2026-04-12,20:01:51
94,Rachel Simmons,60,TG000000-00260401102262047140078,A/Night,2026-02-12,22:26:47
95,Lily Phillips,33,TG000000-00490312002260723120125,A/Night,2026-02-22,22:05:34
96,Sarah Collins,7,TG000000-00130310702262015130637,A/Night,2026-02-08,20:53:57
97,Jessica Long,49,TG000000-00200402403260650100307,A/Night,2026-03-26,21:34:20
98,Benjamin Gray,34,TG000000-00190312002260327570147,A/Night,2026-02-22,23:00:51
99,Thomas Allen,2,TG000000-00580311204260156120832,A/Night,2026-04-14,22:30:04
100,Matthew Scott,65,TG000000-00290310902260942360120,A/Night,2026-02-10,05:46:55
101,Charlotte Green,70,TG000000-00440342403260032530689,A/Night,2026-03-25,00:03:13
102,Megan Kelly,51,TG000000-00170400203261420110577,A/Night,2026-03-03,06:19:09
103,Jessica Long,29,TG000000-00320341003262021500198,A/Night,2026-03-11,19:46:03
104,Rachel Simmons,12,TG000000-00250331002261333310895,A/Night,2026-02-12,21:46:17
105,Zoe Howard,54,TG000000-00350202802261728400233,A/Night,2026-03-01,20:39:52
106,Thomas Allen,17,TG000000-00010200702261106150737,A/Night,2026-02-09,05:39:44
107,Benjamin Gray,62,TG000000-00520340902261123500953,A/Night,2026-02-11,07:01:33
108,Michael Turner,10,TG000000-00060322903262321110855,A/Night,2026-03-31,20:53:26
109,Rachel Simmons,19,TG000000-00220202202260844260809,A/Night,2026-02-24,22:16:48
110,Ethan Price,54,TG000000-00350201302261503100059,A/Night,2026-02-14,05:19:38
111,Amelia Clark,28,TG000000-00390331802261006550960,A/Night,2026-02-20,20:25:49
112,Ava Johnson,62,TG000000-00290311004260347570656,A/Night,2026-04-12,22:11:24
113,Olivia Reed,47,TG000000-00390330602260545350462,A/Night,2026-02-08,07:01:44
114,Rachel Simmons,12,TG000000-00410311502262033320508,A/Night,2026-02-16,23:05:59
115,Andrew Brooks,61,TG000000-00020202603260133030251,A/Night,2026-03-27,02:38:28
116,Laura Bennett,67,TG000000-00450200103261215380702,A/Night,2026-03-03,22:21:04
117,Mia Thompson,63,TG000000-00340202503261108120032,A/Night,2026-03-27,02:07:11
118,Noah Lewis,49,TG000000-00230400404261016230887,A/Night,2026-04-05,01:12:11
119,Wendy Timer,50,TG000000-00140300804261956240370,A/Night,2026-04-09,19:36:14
120,Jack Peterson,20,TG000000-00580301403260259540672,A/Night,2026-03-15,22:00:28
121,Anthony Powell,6,TG000000-00100341704261431130318,A/Night,2026-04-19,21:48:10
122,Ella Roberts,19,TG000000-00390330102260319500983,A/Night,2026-02-03,04:39:15
123,Nathan Wood,44,TG000000-00470202803261741390160,A/Night,2026-03-29,07:14:12
124,Samuel Ross,2,TG000000-00460331304261844580413,A/Night,2026-04-14,07:07:23
125,John Carter,63,TG000000-00280310402260139320520,A/Night,2026-02-06,06:45:33
126,Jacob Stewart,12,TG000000-00080201803262224380410,A/Night,2026-03-19,19:35:08
127,Grace Morgan,70,TG000000-00080200202260108370928,A/Night,2026-02-04,22:17:17
128,Lily Phillips,18,TG000000-00570341003261340300732,A/Night,2026-03-12,05:30:25
129,Lily Parker,24,TG000000-00360400203260433280418,A/Night,2026-03-04,20:05:55
130,Anthony Powell,16,TG000000-00490322402260045340939,A/Night,2026-02-26,23:35:08
131,Alexander King,60,TG000000-00100402204260332170399,A/Night,2026-04-23,05:01:26
132,Natalie Ward,41,TG000000-00130312202261212210396,A/Night,2026-02-24,04:20:47
133,Christopher Evans,59,TG000000-00520310902261040420560,B/Night,2026-02-10,02:00:29
134,Ava Johnson,71,TG000000-00520401102260248560257,B/Night,2026-02-13,19:55:06
135,Jessica Long,65,TG000000-00140331504261903210270,B/Night,2026-04-16,06:42:58
136,Joshua Barnes,28,TG000000-00060320504260144490742,B/Night,2026-04-07,20:00:04
137,Emily Dawson,67,TG000000-00420300502262004160556,B/Night,2026-02-06,03:03:41
138,Robert Hughes,66,TG000000-00380302103261047400730,B/Night,2026-03-23,23:28:38
139,Noah Lewis,25,TG000000-00160203103262203470633,B/Night,2026-04-01,20:50:41
140,Ella Roberts,66,TG000000-00140341002261459480333,B/Night,2026-02-12,04:34:24
141,Daniel Foster,19,TG000000-00580312802260004260853,B/Night,2026-03-01,23:44:36
142,Wendy Timer,52,TG000000-00530312104261830410897,B/Night,2026-04-23,20:38:34
143,Ryan Edwards,7,TG000000-00560333003261637010812,B/Night,2026-03-31,06:18:57
144,Robert Hughes,9,TG000000-00510300702262335530509,B/Night,2026-02-08,22:31:11
145,Benjamin Gray,7,TG000000-00450401103260302320688,B/Night,2026-03-13,21:27:09
146,Michael Turner,28,TG000000-00060202203261750300471,B/Night,2026-03-24,20:10:04
147,John Carter,68,TG000000-00560331904262238130794,B/Night,2026-04-20,05:10:45
148,Isabella Wright,24,TG000000-00180330503261416100133,B/Night,2026-03-06,03:03:15
149,Sarah Collins,25,TG000000-00470312204260446350666,B/Night,2026-04-23,02:13:20
150,Lily Parker,45,TG000000-00150311804262132530295,B/Night,2026-04-20,06:09:05
151,Daniel Foster,70,TG000000-00100311803262042520203,B/Night,2026-03-19,06:38:49
152,Sophia Mitchell,34,TG000000-00400340603260355040865,B/Night,2026-03-08,00:38:27
153,William Murphy,25,TG000000-00180320903262128510867,B/Night,2026-03-11,23:09:31
154,Sophia Mitchell,64,TG000000-00350322402261519440683,B/Night,2026-02-25,23:58:08
155,Rachel Simmons,35,TG000000-00170332503260632260200,B/Night,2026-03-27,20:08:15
156,Jacob Stewart,32,TG000000-00390322102262245580053,B/Night,2026-02-22,20:41:31
157,Isabella Wright,39,TG000000-00450200904260739190356,A/Night,2026-04-10,00:24:53
158,Jessica Long,39,TG000000-00430302502260849580067,A/Night,2026-02-27,02:43:04
159,Thomas Allen,41,TG000000-00460302503261609490622,A/Night,2026-03-26,00:59:24
160,Amelia Clark,17,TG000000-00370312402260609510527,A/Night,2026-02-26,21:27:13
161,Natalie Ward,15,TG000000-00370340803261137450672,B/Night,2026-03-10,23:23:06
162,Lucas Mitchell,64,TG000000-00010322302260749120216,B/Night,2026-02-25,19:56:50
163,Michael Turner,6,TG000000-00200333101261150160578,B/Night,2026-02-02,22:41:30
164,Ethan Price,35,TG000000-00110400404260427270930,B/Night,2026-04-06,00:19:19
165,Hannah Cooper,46,TG000000-00070201003261601350401,B/Night,2026-03-12,05:21:16
166,Laura Bennett,49,TG000000-00040302102262206240135,B/Night,2026-02-23,03:47:02
167,Emily Dawson,15,TG000000-00250301602260923030236,A/Night,2026-02-18,04:52:30
168,Samuel Ross,30,TG000000-00130401202262308030459,B/Night,2026-02-14,03:10:57
169,Rachel Simmons,37,TG000000-00100321904261725180184,B/Night,2026-04-20,23:09:59
170,Henry Cooper,67,TG000000-00010330703260104070847,B/Night,2026-03-09,20:28:44
171,Emily Dawson,17,TG000000-00240330803262051260288,B/Night,2026-03-09,03:29:23
172,Ethan Price,38,TG000000-00220310903261802190822,B/Night,2026-03-11,00:25:30
173,Nathan Wood,26,TG000000-00240313103261954080893,B/Night,2026-04-01,22:23:47
174,Andrew Brooks,8,TG000000-00330321803261835180200,B/Night,2026-03-20,00:48:45
175,Ava Johnson,71,TG000000-00120331002261344130139,B/Night,2026-02-11,21:36:48
176,Mia Thompson,63,TG000000-00370310103260851090825,B/Night,2026-03-02,00:26:12
177,Natalie Ward,28,TG000000-00260332102262306470257,B/Night,2026-02-23,22:45:50
178,Emma Richardson,70,TG000000-00330301604261052530932,B/Night,2026-04-17,19:50:37
179,Jack Peterson,2,TG000000-00080400503262039050683,B/Night,2026-03-07,23:28:59
180,Isabella Wright,48,TG000000-00290330504261308480503,B/Night,2026-04-07,21:55:23
181,David Harris,61,TG000000-00550312603261008190118,B/Night,2026-03-28,23:05:08
182,James Walker,68,TG000000-00070300503260721440270,B/Night,2026-03-06,04:16:18
183,Alexander King,60,TG000000-00500311503261045390148,B/Night,2026-03-17,22:18:49
184,Lucas Mitchell,58,TG000000-00050301402261008140185,B/Night,2026-02-16,03:09:53
185,Andrew Brooks,52,TG000000-00430310404262338230255,B/Night,2026-04-06,04:20:13
186,Isabella Wright,43,TG000000-00410341904261930450141,B/Night,2026-04-21,23:06:26
187,Joshua Barnes,28,TG000000-00440400402262029390254,B/Night,2026-02-05,00:19:46
188,Ella Roberts,7,TG000000-00200310104261537410066,B/Night,2026-04-03,03:42:53
189,James Walker,46,TG000000-00490330804260836030681,B/Night,2026-04-10,00:30:33
190,Benjamin Gray,52,TG000000-00470320904260958170515,B/Night,2026-04-10,20:14:51
191,John Carter,33,TG000000-00270330303261407170208,B/Night,2026-03-05,22:22:28
192,David Harris,48,TG000000-00250341202260419130631,B/Night,2026-02-14,07:02:29
193,Megan Kelly,63,TG000000-00330312003260401350676,B/Night,2026-03-21,06:42:51
194,Emma Richardson,41,TG000000-00180340502261554020628,A/Night,2026-02-06,23:11:58
195,Noah Lewis,71,TG000000-00100301204260946160336,A/Night,2026-04-14,01:56:43
196,Benjamin Gray,65,TG000000-00380312303261724500631,A/Night,2026-03-24,22:16:21
197,Victoria Hayes,60,TG000000-00540341904260311220638,A/Night,2026-04-20,04:23:17
198,James Walker,51,TG000000-00570310704260455120257,A/Night,2026-04-08,00:14:52
199,Megan Kelly,58,TG000000-00350312602261243180637,A/Night,2026-02-27,22:34:59
200,Madison Hughes,54,TG000000-00260401804262209080572,A/Night,2026-04-20,21:52:49
201,Alexander King,18,TG000000-00090312703260741220985,B/Night,2026-03-29,20:06:28
202,Jessica Long,36,TG000000-00440201403261313190606,B/Night,2026-03-16,21:29:48
203,Benjamin Gray,60,TG000000-00590332403260034030105,B/Night,2026-03-26,23:40:58
204,John Carter,30,TG000000-00420321902261355280013,B/Night,2026-02-21,19:56:33
205,James Walker,14,TG000000-00280331102261609300779,B/Night,2026-02-12,21:23:18
206,Madison Hughes,2,TG000000-00390310902262022110012,B/Night,2026-02-10,07:04:55
207,Jack Peterson,34,TG000000-00490340402261233560310,B/Night,2026-02-05,20:18:41
208,Lily Phillips,13,TG000000-00260302602261220180221,B/Night,2026-02-28,21:02:32
209,Henry Cooper,7,TG000000-00180402803260636410850,A/Night,2026-03-29,07:03:55
210,Jack Peterson,20,TG000000-00080330502261505270735,A/Night,2026-02-07,22:32:02
211,Laura Bennett,35,TG000000-00080322302262230480397,A/Night,2026-02-24,20:07:36
212,Emma Richardson,29,TG000000-00080331204262023490648,A/Night,2026-04-14,03:01:10
213,Chloe Adams,53,TG000000-00450311202262212540234,A/Night,2026-02-13,00:11:30
214,James Walker,39,TG000000-00260311603260921280932,A/Night,2026-03-17,19:48:23
215,Sophia Mitchell,29,TG000000-00310340904262115030252,A/Night,2026-04-11,02:30:43
216,Christopher Evans,4,TG000000-00590311804260753580160,A/Night,2026-04-20,07:09:45
217,John Carter,27,TG000000-00290320104260719380384,A/Night,2026-04-03,19:31:09
218,Jacob Stewart,66,TG000000-00460300903260222180535,A/Night,2026-03-11,22:11:42
219,Madison Hughes,50,TG000000-00130311104261122270115,A/Night,2026-04-13,22:12:34
220,Joseph Hill,41,TG000000-00310323101261919170129,A/Night,2026-02-01,19:45:17
221,Olivia Reed,10,TG000000-00330202403261008430550,A/Night,2026-03-26,03:11:35
222,Michael Turner,69,TG000000-00120322004261139180060,A/Night,2026-04-22,04:35:40
223,Mia Thompson,66,TG000000-00270331504261002330446,A/Night,2026-04-17,20:46:02
224,Samuel Ross,9,TG000000-00100332003260515040386,A/Night,2026-03-21,07:23:14
225,Samuel Ross,4,TG000000-00450401804262137040811,A/Night,2026-04-20,21:56:15
226,Emily Dawson,68,TG000000-00060332702261218440789,A/Night,2026-02-28,20:06:50
227,Joseph Hill,33,TG000000-00260331803260027390570,A/Night,2026-03-19,23:55:50
228,Amelia Clark,31,TG000000-00590310303261117300169,A/Night,2026-03-04,07:12:03
229,Jack Peterson,50,TG000000-00240340203260919470688,A/Night,2026-03-04,01:03:08
230,Natalie Ward,16,TG000000-00580400504260522120242,A/Night,2026-04-07,06:36:52
231,Daniel Foster,26,TG000000-00420341503262345410929,A/Night,2026-03-17,00:59:18
232,Mia Thompson,31,TG000000-00140341202261050590791,A/Night,2026-02-13,22:33:41
233,Robert Hughes,43,TG000000-00050303101261820300185,A/Night,2026-02-01,05:52:42
234,William Murphy,1,TG000000-00110400103260719570465,A/Night,2026-03-03,02:18:53
235,David Harris,8,TG000000-00280301003262153370127,A/Night,2026-03-11,23:11:45
236,Charlotte Green,14,TG000000-00430322003262150130184,A/Night,2026-03-21,00:42:16
237,Noah Lewis,62,TG000000-00220320604262204400299,A/Night,2026-04-07,02:57:52
238,Lucas Mitchell,53,TG000000-00510401804262355340486,A/Night,2026-04-19,06:09:22
239,Sophia Mitchell,1,TG000000-00590300504260709020979,A/Night,2026-04-06,21:49:30
240,Amelia Clark,31,TG000000-00030341202261202430037,A/Night,2026-02-13,21:17:07
241,Ella Roberts,8,TG000000-00180320904260651380158,A/Night,2026-04-10,01:12:44
242,Olivia Reed,46,TG000000-00120310503261923180531,A/Night,2026-03-06,23:51:07
243,Ryan Edwards,14,TG000000-00350321304260935160793,A/Night,2026-04-15,22:20:29
244,Olivia Reed,22,TG000000-00140300603262105590982,A/Night,2026-03-08,21:51:13
245,Olivia Reed,56,TG000000-00460320603260138570681,A/Night,2026-03-07,19:57:34
246,Daniel Foster,8,TG000000-00350311402260714440336,A/Night,2026-02-15,21:22:23
247,Madison Hughes,64,TG000000-00450330904262254460038,A/Night,2026-04-10,22:03:17
248,Sophia Mitchell,68,TG000000-00290401204260710180521,A/Night,2026-04-13,23:11:28
249,Sophia Mitchell,41,TG000000-00100320102260216180548,A/Night,2026-02-02,20:23:32
250,Joseph Hill,63,TG000000-00310203001261911230043,A/Day,2026-02-01,10:25:22
251,Chloe Adams,49,TG000000-00490332202261126560474,A/Day,2026-02-24,11:25:22
252,Daniel Foster,13,TG000000-00550301303260849410298,A/Day,2026-03-15,12:25:22
253,Grace Morgan,33,TG000000-00480302302261351200007,A/Day,2026-02-25,12:20:53
254,Victoria Hayes,17,TG000000-00290331402261807510267,A/Day,2026-02-15,13:20:53
255,Laura Bennett,53,TG000000-00580322003262246400505,A/Day,2026-03-22,10:25:32
256,Benjamin Gray,69,TG000000-00020311602260054350600,A/Day,2026-02-17,09:06:40
257,Sarah Collins,48,TG000000-00160331003260710120889,A/Day,2026-03-11,09:54:52
258,Emily Dawson,3,TG000000-00360301404260918350094,A/Day,2026-04-15,18:31:42
259,Joseph Hill,16,TG000000-00060321502261246530963,A/Day,2026-02-17,19:21:55
260,Olivia Reed,52,TG000000-00590341103260101340165,A/Day,2026-03-12,19:27:16
261,Thomas Allen,66,TG000000-00550302104260723560504,A/Day,2026-04-23,10:48:51
262,Isabella Wright,57,TG000000-00260203003262310270299,A/Day,2026-04-01,11:34:00
263,Alexander King,41,TG000000-00250343101260453010325,A/Day,2026-02-02,15:55:54
264,Thomas Allen,49,TG000000-00220400904260924520020,A/Day,2026-04-11,17:42:36
265,Matthew Scott,26,TG000000-00500340403260953490174,A/Day,2026-03-05,14:57:21
266,Amelia Clark,26,TG000000-00340341304261031120083,A/Day,2026-04-14,14:56:20
267,Sophia Mitchell,40,TG000000-00200340404260538540404,A/Day,2026-04-05,08:37:54
268,Megan Kelly,69,TG000000-00230322903260947380086,A/Day,2026-03-31,18:22:50
269,Amelia Clark,19,TG000000-00150321604262037570565,A/Day,2026-04-17,13:46:55
270,Jessica Long,25,TG000000-00110330902260101260414,A/Day,2026-02-10,16:24:34
271,Sarah Collins,49,TG000000-00260320503261035380394,A/Day,2026-03-06,17:36:18
272,Joseph Hill,62,TG000000-00370310403261124480765,A/Day,2026-03-06,08:09:58
273,David Harris,1,TG000000-00390310602261356020708,A/Day,2026-02-08,08:57:21
274,Joshua Barnes,52,TG000000-00540201302260742110339,A/Day,2026-02-15,19:16:00
275,Wendy Zaawds,15,TG000000-00270401204260402010779,A/Day,2026-04-13,10:11:47
276,Sophia Mitchell,3,TG000000-00520403103261942530318,A/Day,2026-04-01,10:46:23
277,Ethan Price,63,TG000000-00050402703260301400352,A/Day,2026-03-28,15:55:22
278,John Carter,61,TG000000-00330402304262238120452,A/Day,2026-04-24,15:14:53
279,Lily Parker,70,TG000000-00150321703261602200892,B/Day,2026-03-18,17:44:47
280,Joshua Barnes,5,TG000000-00270313101261113010931,B/Day,2026-02-01,09:47:57
281,Alexander King,39,TG000000-00450310303260804100650,B/Day,2026-03-04,08:32:16
282,Rachel Simmons,69,TG000000-00060321904262313470144,B/Day,2026-04-20,09:01:50
283,Zoe Howard,7,TG000000-00460312802261201410326,B/Day,2026-03-01,09:57:27
284,Joshua Barnes,27,TG000000-00410303101261050270752,B/Day,2026-02-01,08:23:25
285,Benjamin Gray,24,TG000000-00020302503260944110494,B/Day,2026-03-26,10:25:13
286,Jack Peterson,55,TG000000-00550302703261132530275,B/Day,2026-03-28,18:57:41
287,Victoria Hayes,36,TG000000-00380341403260554310883,B/Day,2026-03-16,13:51:51
288,Alexander King,10,TG000000-00580400204260327470171,B/Day,2026-04-03,10:07:40
289,Laura Bennett,46,TG000000-00130201204260901270612,B/Day,2026-04-14,17:23:59
290,Joseph Hill,66,TG000000-00590302603260304280958,B/Day,2026-03-28,11:38:35
291,Olivia Reed,22,TG000000-00450332703262347040292,B/Day,2026-03-28,13:59:35
292,Jessica Long,11,TG000000-00520301602261808090259,B/Day,2026-02-18,15:38:44
293,Jacob Stewart,44,TG000000-00220322104260622130171,B/Day,2026-04-22,13:25:31
294,Michael Turner,67,TG000000-00490401804262225330934,B/Day,2026-04-20,18:25:37
295,Emily Dawson,22,TG000000-00030301404262159560267,B/Day,2026-04-15,16:54:01
296,Lucas Mitchell,64,TG000000-00410333101260454390993,B/Day,2026-02-01,12:09:21
297,Anthony Powell,46,TG000000-00220331002261354390990,A/Day,2026-02-12,08:32:53
298,William Murphy,11,TG000000-00220202702261221180810,A/Day,2026-03-01,09:53:11
299,Grace Morgan,60,TG000000-00360312702261832050120,A/Day,2026-02-28,13:17:02
300,Grace Morgan,13,TG000000-00470332104261709410983,A/Day,2026-04-23,09:19:31
301,Christopher Evans,58,TG000000-00500321704260639100484,A/Day,2026-04-19,12:43:19
302,Rachel Simmons,12,TG000000-00250322903262004580954,A/Day,2026-03-31,14:25:29
303,Noah Lewis,8,TG000000-00470202502261222290730,B/Day,2026-02-26,11:20:50
304,Rachel Simmons,6,TG000000-00010330403261114090215,B/Day,2026-03-05,09:37:09
305,Lucas Mitchell,56,TG000000-00140322302260116370100,B/Day,2026-02-25,16:42:25
306,Joshua Barnes,44,TG000000-00210342702260154000925,B/Day,2026-02-28,11:48:55
307,Zoe Howard,68,TG000000-00280332803260429270409,B/Day,2026-03-29,10:33:24
308,Joshua Barnes,33,TG000000-00490321404260026240518,B/Day,2026-04-15,15:33:15
309,Nathan Wood,37,TG000000-00240300904261018460985,B/Day,2026-04-11,16:01:16
310,Sophia Mitchell,42,TG000000-00510321802261629220939,B/Day,2026-02-19,16:22:12
311,Jacob Stewart,5,TG000000-00430400904261558030815,B/Day,2026-04-11,10:09:33
312,Ella Roberts,17,TG000000-00470320503260523210612,B/Day,2026-03-06,12:34:26
313,Isabella Wright,2,TG000000-00540341003260440590403,B/Day,2026-03-12,14:48:42
314,Henry Cooper,54,TG000000-00040310502260535580730,B/Day,2026-02-06,15:45:29
315,Joseph Hill,26,TG000000-00430332103261757390468,B/Day,2026-03-23,10:37:14
316,William Murphy,6,TG000000-00390320303260934030923,B/Day,2026-03-04,16:10:08
317,Ella Roberts,19,TG000000-00130331704261143370009,B/Day,2026-04-19,12:06:04
318,Andrew Brooks,22,TG000000-00340201803260147240627,B/Day,2026-03-20,11:21:23
319,William Murphy,55,TG000000-00030400402261322280967,B/Day,2026-02-06,14:33:51
320,Nathan Wood,66,TG000000-00030301302261537480588,B/Day,2026-02-14,09:21:20
321,Wendy Timer,28,TG000000-00120311503261347420925,B/Day,2026-03-17,10:23:56
322,Alexander King,56,TG000000-00360340104260232380038,B/Day,2026-04-02,07:53:28
323,Chloe Adams,1,TG000000-00580342702261431170201,B/Day,2026-02-28,12:08:19
324,Megan Kelly,63,TG000000-00500400902260026570587,B/Day,2026-02-10,16:05:07
325,Emily Dawson,32,TG000000-00440341602261712170575,B/Day,2026-02-18,07:41:33
326,Amelia Clark,38,TG000000-00170400904260210410309,B/Day,2026-04-10,09:41:28
327,Wendy Timer,62,TG000000-00020330103261723450696,B/Day,2026-03-03,19:08:43
328,Emma Richardson,20,TG000000-00420300604260304450068,B/Day,2026-04-08,08:52:49
329,Joseph Hill,9,TG000000-00030300704261204410884,B/Day,2026-04-09,14:02:43
330,Ella Roberts,13,TG000000-00540200703260504010341,B/Day,2026-03-08,13:08:39
331,Amelia Clark,57,TG000000-00120200702260001230727,B/Day,2026-02-09,18:42:53
332,Charlotte Green,18,TG000000-00390311003260621280188,B/Day,2026-03-12,13:07:40
333,Matthew Scott,25,TG000000-00050320603261019040365,B/Day,2026-03-07,07:38:30
334,Jacob Stewart,22,TG000000-00100321102262101310796,B/Day,2026-02-12,13:27:55
335,Michael Turner,55,TG000000-00060341302261356310835,B/Day,2026-02-14,10:10:54
336,Grace Morgan,60,TG000000-00120200702262133190132,B/Day,2026-02-09,10:27:08
337,Joshua Barnes,35,TG000000-00320321804261401300261,B/Day,2026-04-20,11:56:43
338,James Walker,43,TG000000-00390401604260542200693,B/Day,2026-04-17,12:06:27
339,Robert Hughes,13,TG000000-00430322803261941150310,B/Day,2026-03-29,08:32:57
340,Chloe Adams,40,TG000000-00300201503261931030178,B/Day,2026-03-17,15:35:40
341,Jessica Long,61,TG000000-00220310104261122050567,A/Day,2026-04-02,09:59:00
342,Daniel Foster,3,TG000000-00210402903261446280730,A/Day,2026-03-30,18:49:42
343,Lucas Mitchell,3,TG000000-00240321003260138090803,A/Day,2026-03-11,10:17:20
344,Anthony Powell,3,TG000000-00200332602260424330375,A/Day,2026-02-27,17:15:22
345,Rachel Simmons,25,TG000000-00350311704260155300583,A/Day,2026-04-18,07:40:01
346,Lily Parker,46,TG000000-00360200904262308100973,A/Day,2026-04-10,14:24:43
347,Alexander King,32,TG000000-00180340703261919540677,A/Day,2026-03-09,09:34:14
348,William Murphy,62,TG000000-00120301404260225500941,A/Day,2026-04-15,15:35:46
349,James Walker,14,TG000000-00420311102260816390287,A/Day,2026-02-13,09:00:05
350,William Murphy,28,TG000000-00390333103260129560756,B/Day,2026-04-02,17:59:16
351,William Murphy,63,TG000000-00490402202261752310384,A/Day,2026-02-23,18:19:52
352,Anthony Powell,13,TG000000-00580302204262039330447,A/Day,2026-04-23,09:41:57
353,Andrew Brooks,9,TG000000-00010340904262030590617,A/Day,2026-04-10,18:40:16
354,Wendy Zaawds,29,TG000000-00470300102260327240403,A/Day,2026-02-02,17:43:46
355,Natalie Ward,14,TG000000-00170321403261443000933,A/Day,2026-03-16,16:19:17
356,Matthew Scott,51,TG000000-00300202403261631510292,A/Day,2026-03-25,07:32:31
357,Ella Roberts,5,TG000000-00250321303262333160724,A/Day,2026-03-15,14:52:25
358,Zoe Howard,23,TG000000-00480311602261856090138,A/Day,2026-02-18,07:48:58
359,Hannah Cooper,17,TG000000-00340310802261746090616,A/Day,2026-02-10,15:08:59
360,Daniel Foster,36,TG000000-00340323103260352560454,A/Day,2026-04-02,09:36:40
361,Alexander King,49,TG000000-00430320904262248100201,A/Day,2026-04-10,12:15:46
362,Emily Dawson,9,TG000000-00350312002260843170904,A/Day,2026-02-21,09:00:31
363,Ava Johnson,40,TG000000-00240310202261151320407,A/Day,2026-02-04,09:07:10
364,Victoria Hayes,65,TG000000-00350332004261832250498,A/Day,2026-04-22,11:39:54
365,David Harris,31,TG000000-00570201903261500110948,A/Day,2026-03-20,18:35:23
366,Robert Hughes,23,TG000000-00590343001261313300418,A/Day,2026-02-01,17:31:55
367,Olivia Reed,40,TG000000-00060201102261820510801,A/Day,2026-02-13,12:00:12
368,Ethan Price,39,TG000000-00450311203260330230041,A/Day,2026-03-14,14:35:12
369,Wendy Zaawds,33,TG000000-00090401804261946520681,A/Day,2026-04-20,18:45:10
370,Madison Hughes,30,TG000000-00510201304261011480000,A/Day,2026-04-15,11:23:01
371,David Harris,70,TG000000-00510331702261933590748,A/Day,2026-02-18,08:02:16
372,Joshua Barnes,4,TG000000-00500310304262356200220,A/Day,2026-04-05,09:24:19
373,Sarah Collins,18,TG000000-00410401103261646250150,A/Day,2026-03-13,18:12:20
374,Anthony Powell,53,TG000000-00460342104262325010334,A/Day,2026-04-23,11:06:01
375,Anthony Powell,6,TG000000-00150310703262201020633,A/Day,2026-03-08,12:51:16
376,Rachel Simmons,44,TG000000-00590331304261950320827,A/Day,2026-04-14,09:50:24
377,Matthew Scott,35,TG000000-00560402202261406220116,A/Day,2026-02-24,10:53:54
378,Matthew Scott,33,TG000000-00190331702260825390467,A/Day,2026-02-19,15:46:37
379,Amelia Clark,29,TG000000-00580300203260909310425,A/Day,2026-03-03,18:08:29
380,Hannah Cooper,12,TG000000-00510322603261922120002,A/Day,2026-03-28,19:05:28
381,Isabella Wright,32,TG000000-00540202803260027400995,A/Day,2026-03-29,11:16:19
382,David Harris,62,TG000000-00180202103261425170289,A/Day,2026-03-23,14:56:20
383,Sarah Collins,40,TG000000-00540331403260840470242,A/Day,2026-03-16,12:25:27
384,Christopher Evans,12,TG000000-00590341504261312580354,A/Day,2026-04-17,16:01:47
385,James Walker,15,TG000000-00050203101262007550732,A/Day,2026-02-02,16:38:53
386,William Murphy,50,TG000000-00290311902260306470725,A/Day,2026-02-20,10:40:19
387,Ryan Edwards,66,TG000000-00430311003262127560571,A/Day,2026-03-12,08:22:13
388,Natalie Ward,24,TG000000-00140322102261715410211,A/Day,2026-02-23,10:49:02
389,Joseph Hill,24,TG000000-00260312402260842580875,A/Day,2026-02-26,15:49:29
390,Andrew Brooks,41,TG000000-00270321904260836590874,A/Day,2026-04-20,09:35:01
391,Charlotte Green,34,TG000000-00010331402261834070413,A/Day,2026-02-15,19:11:28
392,Ava Johnson,29,TG000000-00270401804262257310648,A/Day,2026-04-19,11:54:37
393,Madison Hughes,10,TG000000-00080401104260840260712,A/Day,2026-04-13,10:52:35
394,Nathan Wood,63,TG000000-00100202104261103000576,A/Day,2026-04-23,15:47:46
395,Lily Parker,57,TG000000-00140301104261318120766,A/Day,2026-04-12,09:49:03
396,David Harris,20,TG000000-00210402703262141410359,A/Day,2026-03-28,15:51:03
397,Mia Thompson,42,TG000000-00320340702261644240142,A/Day,2026-02-09,14:31:31
398,Joshua Barnes,64,TG000000-00430401903260735070436,A/Day,2026-03-21,12:44:16
399,Jack Peterson,39,TG000000-00390321604260540260746,A/Day,2026-04-17,07:40:09
400,Ethan Price,16,TG000000-00050341402261005430345,A/Day,2026-02-16,13:25:03
401,Charlotte Green,58,TG000000-00560311104262147170300,A/Day,2026-04-12,08:53:01
402,Nathan Wood,21,TG000000-00420400902260232570394,A/Day,2026-02-10,14:52:46
403,Madison Hughes,39,TG000000-00330321604260630320184,A/Day,2026-04-17,14:17:53
404,Emma Richardson,2,TG000000-00090310104262046250569,A/Day,2026-04-02,19:10:25
405,Megan Kelly,10,TG000000-00400402803260620060588,A/Day,2026-03-29,14:38:18
406,Charlotte Green,69,TG000000-00010301004261602530027,A/Day,2026-04-11,09:24:42
407,Madison Hughes,34,TG000000-00360331103261046470151,A/Day,2026-03-13,09:18:52
408,James Walker,29,TG000000-00530331604261849410743,A/Day,2026-04-18,10:31:44
409,Robert Hughes,4,TG000000-00130200704261752170855,A/Day,2026-04-08,13:52:03
410,Thomas Allen,39,TG000000-00250341504260307290095,A/Day,2026-04-16,18:38:15
411,Christopher Evans,70,TG000000-00370302603260146110361,A/Day,2026-03-27,11:38:25
412,Wendy Timer,6,TG000000-00270312903260914370180,A/Day,2026-03-30,16:41:37
413,Amelia Clark,70,TG000000-00350321902260327050597,A/Day,2026-02-21,09:00:58
414,Natalie Ward,60,TG000000-00210402202260224160493,A/Day,2026-02-23,12:23:09
415,Wendy Timer,70,TG000000-00360321002261700200116,A/Day,2026-02-12,15:06:25
416,Jack Peterson,35,TG000000-00160342502260802130073,A/Day,2026-02-26,14:35:46
417,Robert Hughes,16,TG000000-00450301702261500450799,A/Day,2026-02-18,11:56:00
418,Megan Kelly,38,TG000000-00120312203261352150032,A/Day,2026-03-24,11:24:13
419,William Murphy,24,TG000000-00200300804261121370408,A/Day,2026-04-09,19:15:45
420,Anthony Powell,64,TG000000-00550340504261434390182,A/Day,2026-04-06,18:14:18
421,Natalie Ward,6,TG000000-00430311803261308470511,A/Day,2026-03-20,14:27:19
422,Lily Phillips,26,TG000000-00010331303261343280422,A/Day,2026-03-15,18:25:55
423,Emma Richardson,4,TG000000-00270322802261323460812,A/Day,2026-03-01,19:06:08
424,Lily Phillips,4,TG000000-00540401104261452200871,A/Day,2026-04-13,12:17:11
425,Laura Bennett,25,TG000000-00380321703260536230851,A/Day,2026-03-18,11:37:40
426,Sarah Collins,33,TG000000-00400201602260757220958,A/Day,2026-02-17,09:55:19
427,Henry Cooper,22,TG000000-00010310904262201180036,A/Day,2026-04-10,12:35:29
428,John Carter,28,TG000000-00330202403260918490402,A/Day,2026-03-25,14:53:59
429,Lily Phillips,28,TG000000-00540301303261409050049,A/Day,2026-03-14,17:42:05
430,Ryan Edwards,15,TG000000-00440332103260747310026,A/Day,2026-03-22,13:59:26
431,Joshua Barnes,70,TG000000-00490320404262040360549,A/Day,2026-04-05,15:35:22
432,Christopher Evans,42,TG000000-00530301802260738030430,A/Day,2026-02-20,18:38:32
433,Zoe Howard,32,TG000000-00390320503262300220058,A/Day,2026-03-07,17:24:08
434,Charlotte Green,52,TG000000-00550201904260613470932,A/Day,2026-04-21,10:47:04
435,Wendy Zaawds,5,TG000000-00550300804260255500512,A/Day,2026-04-10,13:01:41
436,Olivia Reed,56,TG000000-00130201702261632340692,A/Day,2026-02-18,08:18:20
437,Jack Peterson,45,TG000000-00360321704260454580193,A/Day,2026-04-18,14:29:46
438,Ella Roberts,50,TG000000-00440300502261046070344,A/Day,2026-02-07,14:12:16
439,Isabella Wright,61,TG000000-00540300702261707160550,A/Day,2026-02-08,11:02:00
440,Lily Phillips,33,TG000000-00120301504260311110678,A/Day,2026-04-16,08:45:47
441,Jack Peterson,50,TG000000-00370312402261052480357,A/Day,2026-02-26,08:40:23
442,Alexander King,61,TG000000-00440201404261344500632,A/Day,2026-04-16,14:14:55
443,Natalie Ward,46,TG000000-00160320603260111240786,A/Day,2026-03-08,09:02:17
444,Alexander King,60,TG000000-00280321804260634180712,A/Day,2026-04-20,12:54:37
445,Ava Johnson,37,TG000000-00150332903260312360620,A/Day,2026-03-30,11:56:06
446,Charlotte Green,71,TG000000-00280300704260911580203,A/Day,2026-04-08,09:27:11
447,Lucas Mitchell,10,TG000000-00290340504261907480740,A/Day,2026-04-07,14:39:26
448,Jack Peterson,16,TG000000-00250302503260629220249,A/Day,2026-03-27,14:48:08
449,William Murphy,42,TG000000-00590402603260052500725,A/Day,2026-03-28,15:49:43
450,Jacob Stewart,30,TG000000-00130401602261811260344,A/Day,2026-02-17,13:30:08
451,Victoria Hayes,38,TG000000-00390401903260952550556,A/Day,2026-03-20,13:52:06
452,James Walker,36,TG000000-00480321904262010060309,A/Day,2026-04-20,14:54:29
453,Henry Cooper,30,TG000000-00280321903261715230637,A/Day,2026-03-21,09:55:34
454,Charlotte Green,23,TG000000-00400331304261529170432,A/Day,2026-04-15,19:02:31
455,John Carter,5,TG000000-00390300804261834280675,A/Day,2026-04-10,19:21:31
456,Joseph Hill,7,TG000000-00040201002261817580112,A/Day,2026-02-12,16:00:14
457,Ava Johnson,3,TG000000-00130330202260932580761,A/Day,2026-02-03,14:25:46
458,Megan Kelly,43,TG000000-00330322004260220520619,A/Day,2026-04-21,09:05:35
459,Ethan Price,64,TG000000-00030402004260108420809,A/Day,2026-04-21,15:11:01
460,Andrew Brooks,66,TG000000-00240312602261846440240,A/Day,2026-02-27,15:45:45
461,Jacob Stewart,66,TG000000-00200330104261633430831,A/Day,2026-04-03,08:09:27
462,Olivia Reed,24,TG000000-00250200102260240000590,A/Day,2026-02-02,18:24:43
463,Chloe Adams,27,TG000000-00080340902260302510388,A/Day,2026-02-10,13:31:59
464,Madison Hughes,61,TG000000-00010401902260602290613,A/Day,2026-02-21,11:43:09
465,Jacob Stewart,33,TG000000-00550342602261246420971,A/Day,2026-02-28,09:25:37
466,Isabella Wright,43,TG000000-00330400303260940100686,A/Day,2026-03-04,08:33:55
467,Charlotte Green,46,TG000000-00480331802261058070623,A/Day,2026-02-19,10:31:15
468,Henry Cooper,8,TG000000-00530402703262142490386,A/Day,2026-03-28,14:17:28
469,Matthew Scott,18,TG000000-00540320904260007050569,A/Day,2026-04-11,15:57:19
470,Hannah Cooper,6,TG000000-00140342003261043530413,A/Day,2026-03-22,19:18:59
471,Andrew Brooks,7,TG000000-00080400503261006540436,A/Day,2026-03-07,10:09:50
472,Anthony Powell,62,TG000000-00330310104260931370517,A/Day,2026-04-03,14:29:51
473,Thomas Allen,65,TG000000-00470331802261345000292,A/Day,2026-02-19,11:19:00
474,William Murphy,68,TG000000-00210310102261947410435,A/Day,2026-02-03,09:19:30
475,Sophia Mitchell,61,TG000000-00150320104261351480664,A/Day,2026-04-03,14:18:56
476,Jacob Stewart,6,TG000000-00470340702260417390355,A/Day,2026-02-08,17:09:16
477,Mia Thompson,51,TG000000-00360341404261446560261,A/Day,2026-04-16,10:21:08
478,Joshua Barnes,29,TG000000-00360320402261905240918,A/Day,2026-02-05,13:25:38
479,Ava Johnson,53,TG000000-00050321104262108550406,A/Day,2026-04-13,07:51:54
480,Wendy Timer,31,TG000000-00080201502260112530119,A/Day,2026-02-16,16:01:44
481,Michael Turner,18,TG000000-00200320703261211060878,A/Day,2026-03-08,12:02:47
482,Ryan Edwards,57,TG000000-00080322802260418380944,A/Day,2026-03-02,10:07:32
483,Ava Johnson,20,TG000000-00560330302260920460488,A/Day,2026-02-05,09:44:06
484,Michael Turner,53,TG000000-00380341804260454560683,A/Day,2026-04-19,15:44:41
485,David Harris,61,TG000000-00250202104262339220984,A/Day,2026-04-22,17:57:28
486,Daniel Foster,47,TG000000-00200322302261923100613,A/Day,2026-02-24,08:59:44
487,Mia Thompson,51,TG000000-00450331402260244080324,A/Day,2026-02-15,13:05:24
488,Lily Phillips,67,TG000000-00130200604261932450603,A/Day,2026-04-08,13:51:29
489,John Carter,35,TG000000-00060310504260227410416,A/Day,2026-04-06,08:46:58
490,Nathan Wood,47,TG000000-00300311102260654350780,A/Day,2026-02-13,11:24:51
491,Daniel Foster,37,TG000000-00270332502262329090565,A/Day,2026-02-26,18:09:40
492,Grace Morgan,42,TG000000-00260340104260234240115,A/Day,2026-04-03,16:47:38
493,Jacob Stewart,6,TG000000-00500202202261759200229,A/Day,2026-02-24,08:44:04
494,Chloe Adams,29,TG000000-00200340602262240490079,A/Day,2026-02-08,08:53:38
495,Lucas Mitchell,2,TG000000-00420201102260555470613,A/Day,2026-02-13,12:34:48
496,Ava Johnson,33,TG000000-00060300603261258210134,A/Day,2026-03-08,19:10:37
497,Chloe Adams,39,TG000000-00140310104261452570994,A/Day,2026-04-03,11:57:29
498,Daniel Foster,71,TG000000-00420401103262001530986,A/Day,2026-03-12,11:21:46
499,Isabella Wright,46,TG000000-00270200602262005480333,A/Day,2026-02-08,12:24:35
500,Laura Bennett,4,TG000000-004803224042613123823535,A/Day,2026-04-24,10:14:08
501,David Harris,70,TG000000-000603024042610084811448,B/Day,2026-04-24,07:01:05
502,Thomas Allen,65,TG000000-003903124042606243389793,A/Night,2026-04-24,03:12:45
503,Lucas Mitchell,70,TG000000-002703424042603053964230,B/Night,2026-04-24,02:37:17
504,Wendy Zaawds,21,TG000000-004503024042613463977223,B/Day,2026-04-24,12:17:09
505,Jack Peterson,44,TG000000-000703024042607575049118,A/Night,2026-04-24,01:06:22
506,Ryan Edwards,34,TG000000-005204024042601554327964,A/Night,2026-04-24,06:29:34
507,Christopher Evans,11,TG000000-003603024042614421174406,A/Day,2026-04-24,17:39:56
508,Robert Hughes,9,TG000000-000303125042620453388885,B/Night,2026-04-25,07:18:05
509,David Harris,49,TG000000-001804025042608302052872,B/Day,2026-04-25,17:53:23
510,Zoe Howard,46,TG000000-001402025042611350055832,A/Day,2026-04-25,18:59:43
511,Michael Turner,22,TG000000-003503025042600593410692,B/Night,2026-04-25,21:29:24
512,Nathan Wood,29,TG000000-004403225042615571279465,A/Day,2026-04-25,19:49:03
513,John Carter,41,TG000000-002603225042607220828388,A/Day,2026-04-25,08:13:58
514,Ava Johnson,41,TG000000-001403425042609475057996,B/Day,2026-04-25,13:56:58
515,Olivia Reed,34,TG000000-000903326042621324223171,B/Night,2026-04-26,06:35:34
516,Mia Thompson,55,TG000000-005802026042608011062192,B/Day,2026-04-26,12:14:08
517,Jessica Long,12,TG000000-004903426042601055955860,A/Night,2026-04-26,20:09:40
518,Noah Lewis,55,TG000000-003903426042620091981022,A/Night,2026-04-26,01:24:38
519,Emma Richardson,33,TG000000-003602026042601210868703,A/Night,2026-04-26,05:46:07
520,Alexander King,35,TG000000-00500322604261057507361,A/Day,2026-04-26,08:18:27
521,Wendy Zaawds,34,TG000000-003303427042622281671595,B/Night,2026-04-27,03:58:06
522,Hannah Cooper,65,TG000000-003903227042607082291194,B/Night,2026-04-27,21:23:48
523,Alexander King,68,TG000000-005903227042619084794257,A/Night,2026-04-27,04:20:31
524,Laura Bennett,47,TG000000-005703327042619470979796,A/Day,2026-04-27,10:03:15
525,Sarah Collins,11,TG000000-004703227042608060718930,B/Day,2026-04-27,08:48:34
526,James Walker,17,TG000000-004303127042609112619172,B/Day,2026-04-27,15:10:16
527,Rachel Simmons,28,TG000000-003503028042603204965522,B/Night,2026-04-28,06:19:25
528,Madison Hughes,48,TG000000-002904028042610541615463,B/Day,2026-04-28,08:15:14
529,Natalie Ward,3,TG000000-00380402804260011439588,B/Night,2026-04-28,04:14:00
530,Ava Johnson,8,TG000000-00150332804262300376349,A/Night,2026-04-28,19:55:21
531,William Murphy,31,TG000000-001803128042610242544239,B/Day,2026-04-28,10:34:08
532,Joseph Hill,61,TG000000-001604028042619252454372,B/Day,2026-04-28,19:26:12
533,David Harris,56,TG000000-002304028042612340523853,B/Day,2026-04-28,13:29:55
534,Lily Phillips,13,TG000000-000402029042612465452342,B/Day,2026-04-29,18:21:51
535,Lily Parker,25,TG000000-001304029042614141985864,B/Day,2026-04-29,09:27:11
536,Victoria Hayes,32,TG000000-005603029042605461913960,A/Night,2026-04-29,02:51:55
537,Emily Dawson,70,TG000000-005404030042606462028752,A/Night,2026-04-30,20:59:48
538,Daniel Foster,53,TG000000-003204030042619454393372,B/Day,2026-04-30,10:55:25
539,Daniel Foster,49,TG000000-000103030042613182898601,B/Day,2026-04-30,11:59:50
540,Andrew Brooks,55,TG000000-004502001052614265833682,B/Day,2026-05-01,09:12:18
541,Emily Dawson,70,TG000000-000402001052615185889859,A/Day,2026-05-01,07:03:37
542,William Murphy,68,TG000000-001104001052600503069993,A/Night,2026-05-01,03:05:54
543,Michael Turner,9,TG000000-004403001052623275638226,B/Night,2026-05-01,01:07:56
544,Lily Parker,6,TG000000-004003201052605523920995,A/Night,2026-05-01,01:42:37
545,Emma Richardson,41,TG000000-001703101052601434379303,B/Night,2026-05-01,05:45:20
546,Megan Kelly,17,TG000000-004304002052616424557778,A/Day,2026-05-02,14:20:59
547,Michael Turner,2,TG000000-003003002052601215626007,A/Night,2026-05-02,20:34:13
548,Matthew Scott,17,TG000000-002303102052619422291108,A/Night,2026-05-02,22:23:18
549,Samuel Ross,70,TG000000-004603102052610574287632,A/Day,2026-05-02,16:51:41
550,Wendy Zaawds,71,TG000000-002003002052607401686236,A/Night,2026-05-02,21:16:07
551,Isabella Wright,20,TG000000-001803203052618485592670,A/Day,2026-05-03,16:13:45
552,Grace Morgan,34,TG000000-003303003052613555545390,B/Day,2026-05-03,11:57:58
553,Sarah Collins,55,TG000000-005403403052613000765853,A/Day,2026-05-03,07:00:21
554,James Walker,34,TG000000-001103303052610003340802,B/Day,2026-05-03,15:45:27
555,Wendy Zaawds,15,TG000000-000503403052606103258311,B/Night,2026-05-03,03:02:53
556,Charlotte Green,71,TG000000-001003003052611475496952,B/Day,2026-05-03,09:02:19
557,Noah Lewis,6,TG000000-005803203052614353382148,A/Day,2026-05-03,10:43:15
558,David Harris,46,TG000000-005003303052619405379521,B/Day,2026-05-03,16:47:09
559,Sophia Mitchell,53,TG000000-00020400405262312472802,B/Night,2026-05-04,06:59:21
560,Joshua Barnes,32,TG000000-001802004052607190476188,B/Night,2026-05-04,07:44:06
561,John Carter,61,TG000000-001502004052619261948495,B/Night,2026-05-04,02:22:19
562,Noah Lewis,30,TG000000-001503304052605453775454,A/Night,2026-05-04,05:12:25
563,Michael Turner,36,TG000000-002303105052610480651829,B/Day,2026-05-05,17:53:34
564,Wendy Timer,15,TG000000-005703205052619111660500,A/Day,2026-05-05,09:37:16
565,David Harris,56,TG000000-002303105052609560858630,A/Day,2026-05-05,13:38:32
566,Christopher Evans,25,TG000000-001704005052606442454909,A/Night,2026-05-05,06:27:00
567,Alexander King,26,TG000000-002403305052618112332889,B/Day,2026-05-05,08:42:58
568,Ethan Price,16,TG000000-004703006052611293691817,A/Day,2026-05-06,15:19:42
569,Ethan Price,52,TG000000-004503206052609525862906,A/Day,2026-05-06,15:08:12
570,Jacob Stewart,49,TG000000-004403306052605565862536,B/Night,2026-05-06,04:36:19
571,Isabella Wright,1,TG000000-002003406052609043431501,A/Day,2026-05-06,10:27:50
572,Ryan Edwards,42,TG000000-003003206052615000743320,B/Day,2026-05-06,14:43:13
573,Anthony Powell,22,TG000000-004304006052602042185976,A/Night,2026-05-06,23:32:42
574,Amelia Clark,43,TG000000-000603406052619364369962,B/Night,2026-05-06,05:19:14
