No.,Name
1,Wendy Zaawds
2,Wendy Timer
3,John Carter
4,Emily Dawson
5,Michael Turner
6,Sarah Collins
7,David Harris
8,Laura Bennett
9,James Walker
10,Olivia Reed
11,Daniel Foster
12,Sophia Mitchell
13,Robert Hughes
14,Grace Morgan
15,Thomas Allen
16,Lily Parker
17,Matthew Scott
18,Chloe Adams
19,Andrew Brooks
20,Hannah Cooper
21,Ethan Price
22,Natalie Ward
23,Benjamin Gray
24,Zoe Howard
25,Christopher Evans
26,Megan Kelly
27,Joshua Barnes
28,Rachel Simmons
29,Samuel Ross
30,Victoria Hayes
31,Anthony Powell
32,Jessica Long
33,William Murphy
34,Emma Richardson
35,Alexander King
36,Isabella Wright
37,Joseph Hill
38,Charlotte Green
39,Ryan Edwards
40,Amelia Clark
41,Nathan Wood
42,Madison Hughes
43,Jacob Stewart
44,Lily Phillips
45,Lucas Mitchell
46,Ava Johnson
47,Henry Cooper
48,Mia Thompson
49,Jack Peterson
50,Ella Roberts
51,Noah Lewis
